cord_uid,display_name,title,license,publish_time,journal,relevance_score,works_count,cited_by_count,last_known_institution,research_field,institution_name,institution_relevance_score,country_code,type,institution_cited_by_count,institution_main_research_field,issn,journal_display_name,journal_publisher,journal_relevance_score,journal_cited_count,main_research_field
132oghxa,Kuan-Teh Jeang,The 2011 Retrovirology Prize winner Masao Matsuoka: forward looking and antisense,cc-by,2011-12-15,Retrovirology,6346.807,335,11020,National Institute of Allergy and Infectious Diseases,Biology,National Institute of Allergy and Infectious Diseases,139866.02,US,facility,4172519,Biology,['1742-4690'],Retrovirology,BioMed Central,11502.022,59152,Medicine
cpz8yb16,Yuhe Yan,Role of receptor polymorphism and glycosylation in syncytium induction and host range variation of ecotropic mouse gammaretroviruses,cc-by,2008-01-10,Retrovirology,549.4984,12,195,National Institute of Allergy and Infectious Diseases,Genetics,National Institute of Allergy and Infectious Diseases,139866.02,US,facility,4172519,Biology,['1742-4690'],Retrovirology,BioMed Central,11502.022,59152,Medicine
cpz8yb16,Christine A Kozak,Role of receptor polymorphism and glycosylation in syncytium induction and host range variation of ecotropic mouse gammaretroviruses,cc-by,2008-01-10,Retrovirology,4238.028,326,11843,National Institute of Allergy and Infectious Diseases,Biology,National Institute of Allergy and Infectious Diseases,139866.02,US,facility,4172519,Biology,['1742-4690'],Retrovirology,BioMed Central,11502.022,59152,Medicine
t35n7bk9,Biehuoy Shieh,"Multi-faceted, multi-versatile microarray: simultaneous detection of many viruses and their expression profiles",no-cc,2004-05-26,Retrovirology,1009.10895,28,299,University of Colorado Denver,Biology,University of Colorado Denver,102323.42,US,education,3416614,Medicine,['1742-4690'],Retrovirology,BioMed Central,11502.022,59152,Medicine
oefyszar,David C Montefiori,Passive immunization of macaques with polyclonal anti-SHIV IgG against a heterologous tier 2 SHIV: outcome depends on IgG dose,cc-by,2014-01-20,Retrovirology,5814.066,974,27497,Duke University,Biology,Duke University,181618.58,US,education,20616825,Biology,['1742-4690'],Retrovirology,BioMed Central,11502.022,59152,Medicine
oefyszar,David C Montefiori,Passive immunization of macaques with polyclonal anti-SHIV IgG against a heterologous tier 2 SHIV: outcome depends on IgG dose,cc-by,2014-01-20,Retrovirology,7038.9043,974,27497,Duke University,Biology,Duke University,181618.58,US,education,20616825,Biology,['1742-4690'],Retrovirology,BioMed Central,11502.022,59152,Medicine
cpz8yb16,Yong T Jung,Role of receptor polymorphism and glycosylation in syncytium induction and host range variation of ecotropic mouse gammaretroviruses,cc-by,2008-01-10,Retrovirology,272.3958,2,70,Dankook University,Genetics,Dankook University,29641.61,KR,education,422009,Biology,['1742-4690'],Retrovirology,BioMed Central,11502.022,59152,Medicine
cpz8yb16,Tiyun Wu,Role of receptor polymorphism and glycosylation in syncytium induction and host range variation of ecotropic mouse gammaretroviruses,cc-by,2008-01-10,Retrovirology,1658.6451,3,1313,Purdue University West Lafayette,Genetics,Purdue University West Lafayette,249497.22,US,education,10810670,Physics,['1742-4690'],Retrovirology,BioMed Central,11502.022,59152,Medicine
wr8mngg2,Heinz Feldmann,The Ebola Virus Glycoprotein and HIV-1 Vpu Employ Different Strategies to Counteract the Antiviral Factor Tetherin,bronze-oa,2011-11-01,The Journal of Infectious Diseases,5365.0884,530,16662,National Institute of Allergy and Infectious Diseases,Biology,National Institute of Allergy and Infectious Diseases,139866.02,US,facility,4172519,Biology,"['1537-6613', '0022-1899']",The Journal of Infectious Diseases,Oxford University Press,59963.168,1602200,Medicine
wr8mngg2,Heinz Feldmann,The Ebola Virus Glycoprotein and HIV-1 Vpu Employ Different Strategies to Counteract the Antiviral Factor Tetherin,bronze-oa,2011-11-01,The Journal of Infectious Diseases,5365.0884,530,16662,National Institute of Allergy and Infectious Diseases,Biology,National Institute of Allergy and Infectious Diseases,139866.02,US,facility,4172519,Biology,"['1537-6613', '0022-1899']",The Journal of Infectious Diseases,Oxford University Press,69978.05,1602200,Medicine
ruba65p5,Vicky J Fang,Validation of Self-swab for Virologic Confirmation of Influenza Virus Infections in a Community Setting,bronze-oa,2011-12-23,The Journal of Infectious Diseases,2455.2239,88,4326,University of Hong Kong,Medicine,University of Hong Kong,124860.43,CN,education,6182010,Biology,"['1537-6613', '0022-1899']",The Journal of Infectious Diseases,Oxford University Press,59963.168,1602200,Medicine
ruba65p5,Vicky J Fang,Validation of Self-swab for Virologic Confirmation of Influenza Virus Infections in a Community Setting,bronze-oa,2011-12-23,The Journal of Infectious Diseases,2455.2239,88,4326,University of Hong Kong,Medicine,University of Hong Kong,124860.43,CN,education,6182010,Biology,"['1537-6613', '0022-1899']",The Journal of Infectious Diseases,Oxford University Press,69978.05,1602200,Medicine
5y9kfyk9,J S Malik Peiris,Mannose-Binding Lectin Contributes to Deleterious Inflammatory Response in Pandemic H1N1 and Avian H9N2 Infection,bronze-oa,2011-11-11,The Journal of Infectious Diseases,8941.761,536,40793,University of Hong Kong,Medicine,University of Hong Kong,124860.43,CN,education,6182010,Biology,"['1537-6613', '0022-1899']",The Journal of Infectious Diseases,Oxford University Press,59963.168,1602200,Medicine
5y9kfyk9,J S Malik Peiris,Mannose-Binding Lectin Contributes to Deleterious Inflammatory Response in Pandemic H1N1 and Avian H9N2 Infection,bronze-oa,2011-11-11,The Journal of Infectious Diseases,8941.761,536,40793,University of Hong Kong,Medicine,University of Hong Kong,124860.43,CN,education,6182010,Biology,"['1537-6613', '0022-1899']",The Journal of Infectious Diseases,Oxford University Press,69978.05,1602200,Medicine
ruba65p5,J S Malik Peiris,Validation of Self-swab for Virologic Confirmation of Influenza Virus Infections in a Community Setting,bronze-oa,2011-12-23,The Journal of Infectious Diseases,8941.761,536,40793,University of Hong Kong,Medicine,University of Hong Kong,124860.43,CN,education,6182010,Biology,"['1537-6613', '0022-1899']",The Journal of Infectious Diseases,Oxford University Press,59963.168,1602200,Medicine
ruba65p5,J S Malik Peiris,Validation of Self-swab for Virologic Confirmation of Influenza Virus Infections in a Community Setting,bronze-oa,2011-12-23,The Journal of Infectious Diseases,8941.761,536,40793,University of Hong Kong,Medicine,University of Hong Kong,124860.43,CN,education,6182010,Biology,"['1537-6613', '0022-1899']",The Journal of Infectious Diseases,Oxford University Press,69978.05,1602200,Medicine
ruba65p5,Gabriel M Leung,Validation of Self-swab for Virologic Confirmation of Influenza Virus Infections in a Community Setting,bronze-oa,2011-12-23,The Journal of Infectious Diseases,7256.118,1236,42372,University of Hong Kong,Medicine,University of Hong Kong,124860.43,CN,education,6182010,Biology,"['1537-6613', '0022-1899']",The Journal of Infectious Diseases,Oxford University Press,59963.168,1602200,Medicine
ruba65p5,Gabriel M Leung,Validation of Self-swab for Virologic Confirmation of Influenza Virus Infections in a Community Setting,bronze-oa,2011-12-23,The Journal of Infectious Diseases,7256.118,1236,42372,University of Hong Kong,Medicine,University of Hong Kong,124860.43,CN,education,6182010,Biology,"['1537-6613', '0022-1899']",The Journal of Infectious Diseases,Oxford University Press,69978.05,1602200,Medicine
ruba65p5,Gabriel M Leung,Validation of Self-swab for Virologic Confirmation of Influenza Virus Infections in a Community Setting,bronze-oa,2011-12-23,The Journal of Infectious Diseases,7256.118,1236,42372,University of Hong Kong,Medicine,University of Hong Kong,124860.43,CN,education,6182010,Biology,"['1537-6613', '0022-1899']",The Journal of Infectious Diseases,Oxford University Press,59963.168,1602200,Medicine
ruba65p5,Gabriel M Leung,Validation of Self-swab for Virologic Confirmation of Influenza Virus Infections in a Community Setting,bronze-oa,2011-12-23,The Journal of Infectious Diseases,7256.118,1236,42372,University of Hong Kong,Medicine,University of Hong Kong,124860.43,CN,education,6182010,Biology,"['1537-6613', '0022-1899']",The Journal of Infectious Diseases,Oxford University Press,69978.05,1602200,Medicine
782iew86,O Sethabutr,"Human bocaviruses are highly diverse, dispersed, recombination prone, and prevalent enteric infections",bronze-oa,2010-06-01,The Journal of Infectious Diseases,463.94592,1,95,Armed Forces Research Institute of Medical Science,Computer science,Armed Forces Research Institute of Medical Science,28522.342,TH,nonprofit,194269,Biology,"['1537-6613', '0022-1899']",The Journal of Infectious Diseases,Oxford University Press,59963.168,1602200,Medicine
782iew86,O Sethabutr,"Human bocaviruses are highly diverse, dispersed, recombination prone, and prevalent enteric infections",bronze-oa,2010-06-01,The Journal of Infectious Diseases,463.94592,1,95,Armed Forces Research Institute of Medical Science,Computer science,Armed Forces Research Institute of Medical Science,28522.342,TH,nonprofit,194269,Biology,"['1537-6613', '0022-1899']",The Journal of Infectious Diseases,Oxford University Press,69978.05,1602200,Medicine
782iew86,M Baba,"Human bocaviruses are highly diverse, dispersed, recombination prone, and prevalent enteric infections",bronze-oa,2010-06-01,The Journal of Infectious Diseases,577.58,1,421,Florida State University,Nuclear magnetic resonance,Florida State University,88055.266,US,education,4708522,Biology,"['1537-6613', '0022-1899']",The Journal of Infectious Diseases,Oxford University Press,59963.168,1602200,Medicine
782iew86,M Baba,"Human bocaviruses are highly diverse, dispersed, recombination prone, and prevalent enteric infections",bronze-oa,2010-06-01,The Journal of Infectious Diseases,577.58,1,421,Florida State University,Nuclear magnetic resonance,Florida State University,88055.266,US,education,4708522,Biology,"['1537-6613', '0022-1899']",The Journal of Infectious Diseases,Oxford University Press,69978.05,1602200,Medicine
782iew86,A Kapoor,"Human bocaviruses are highly diverse, dispersed, recombination prone, and prevalent enteric infections",bronze-oa,2010-06-01,The Journal of Infectious Diseases,543.8414,3,355,Tata Institute of Fundamental Research,Quantum mechanics,Tata Institute of Fundamental Research,93842.1,IN,education,2329160,Physics,"['1537-6613', '0022-1899']",The Journal of Infectious Diseases,Oxford University Press,59963.168,1602200,Medicine
782iew86,A Kapoor,"Human bocaviruses are highly diverse, dispersed, recombination prone, and prevalent enteric infections",bronze-oa,2010-06-01,The Journal of Infectious Diseases,543.8414,3,355,Tata Institute of Fundamental Research,Quantum mechanics,Tata Institute of Fundamental Research,93842.1,IN,education,2329160,Physics,"['1537-6613', '0022-1899']",The Journal of Infectious Diseases,Oxford University Press,69978.05,1602200,Medicine
782iew86,H Triki,"Human bocaviruses are highly diverse, dispersed, recombination prone, and prevalent enteric infections",bronze-oa,2010-06-01,The Journal of Infectious Diseases,496.11996,1,197,Institut Pasteur de Tunis,Ecology,Institut Pasteur de Tunis,22491.545,TN,facility,102653,Biology,"['1537-6613', '0022-1899']",The Journal of Infectious Diseases,Oxford University Press,59963.168,1602200,Medicine
782iew86,H Triki,"Human bocaviruses are highly diverse, dispersed, recombination prone, and prevalent enteric infections",bronze-oa,2010-06-01,The Journal of Infectious Diseases,496.11996,1,197,Institut Pasteur de Tunis,Ecology,Institut Pasteur de Tunis,22491.545,TN,facility,102653,Biology,"['1537-6613', '0022-1899']",The Journal of Infectious Diseases,Oxford University Press,69978.05,1602200,Medicine
782iew86,Olfa Bahri,"Human bocaviruses are highly diverse, dispersed, recombination prone, and prevalent enteric infections",bronze-oa,2010-06-01,The Journal of Infectious Diseases,1600.8116,53,1090,Institut Pasteur de Tunis,Medicine,Institut Pasteur de Tunis,22491.545,TN,facility,102653,Biology,"['1537-6613', '0022-1899']",The Journal of Infectious Diseases,Oxford University Press,59963.168,1602200,Medicine
782iew86,Olfa Bahri,"Human bocaviruses are highly diverse, dispersed, recombination prone, and prevalent enteric infections",bronze-oa,2010-06-01,The Journal of Infectious Diseases,1600.8116,53,1090,Institut Pasteur de Tunis,Medicine,Institut Pasteur de Tunis,22491.545,TN,facility,102653,Biology,"['1537-6613', '0022-1899']",The Journal of Infectious Diseases,Oxford University Press,69978.05,1602200,Medicine
ruba65p5,Kwok-Hung Chan,Validation of Self-swab for Virologic Confirmation of Influenza Virus Infections in a Community Setting,bronze-oa,2011-12-23,The Journal of Infectious Diseases,8407.112,442,33499,Queen Mary Hospital,Medicine,Queen Mary Hospital,66684.04,CN,healthcare,1334568,Medicine,"['1537-6613', '0022-1899']",The Journal of Infectious Diseases,Oxford University Press,59963.168,1602200,Medicine
ruba65p5,Kwok-Hung Chan,Validation of Self-swab for Virologic Confirmation of Influenza Virus Infections in a Community Setting,bronze-oa,2011-12-23,The Journal of Infectious Diseases,8407.112,442,33499,Queen Mary Hospital,Medicine,Queen Mary Hospital,66684.04,CN,healthcare,1334568,Medicine,"['1537-6613', '0022-1899']",The Journal of Infectious Diseases,Oxford University Press,69978.05,1602200,Medicine
7k59ogn0,Kathleen Proudfoot,The Natural History of Influenza Infection in the Severely Immunocompromised vs Nonimmunocompromised Hosts,bronze-oa,2013-11-01,Clinical Infectious Diseases,846.1359,5,384,National Institute of Allergy and Infectious Diseases,Genetics,National Institute of Allergy and Infectious Diseases,139866.02,US,facility,4172519,Biology,"['1058-4838', '1537-6591']",Clinical Infectious Diseases,Oxford University Press,80428.68,1597707,Medicine
2z14p4oh,Jianhua Sui,Wide Prevalence of Heterosubtypic Broadly Neutralizing Human Anti-Influenza A Antibodies,bronze-oa,2011-04-01,Clinical Infectious Diseases,4053.5657,70,9987,Harvard University,Medicine,Harvard University,235846.86,US,education,37793022,Biology,"['1058-4838', '1537-6591']",Clinical Infectious Diseases,Oxford University Press,80428.68,1597707,Medicine
2z14p4oh,Wayne A Marasco,Wide Prevalence of Heterosubtypic Broadly Neutralizing Human Anti-Influenza A Antibodies,bronze-oa,2011-04-01,Clinical Infectious Diseases,4517.487,198,10217,Harvard University,Biology,Harvard University,235846.86,US,education,37793022,Biology,"['1058-4838', '1537-6591']",Clinical Infectious Diseases,Oxford University Press,80428.68,1597707,Medicine
zjufx4fo,Alexander O Pasternak,Sequence requirements for RNA strand transfer during nidovirus discontinuous subgenomic RNA synthesis,green-oa,2001-12-17,The EMBO Journal,1509.9038,59,1250,University of Amsterdam,Biology,University of Amsterdam,127150.69,NL,education,10323080,Biology,"['1460-2075', '0261-4189']",The EMBO Journal,Nature Portfolio,85738.17,2655687,Biology
zjufx4fo,Erwin van den Born,Sequence requirements for RNA strand transfer during nidovirus discontinuous subgenomic RNA synthesis,green-oa,2001-12-17,The EMBO Journal,1222.3196,17,525,MSD,Genetics,MSD,74646.14,US,company,4390830,Biology,"['1460-2075', '0261-4189']",The EMBO Journal,Nature Portfolio,85738.17,2655687,Biology
zjufx4fo,Willy JM Spaan,Sequence requirements for RNA strand transfer during nidovirus discontinuous subgenomic RNA synthesis,green-oa,2001-12-17,The EMBO Journal,363.47806,1,42,Utrecht University,Open reading frame,Utrecht University,140209.66,NL,education,10393131,Biology,"['1460-2075', '0261-4189']",The EMBO Journal,Nature Portfolio,85738.17,2655687,Biology
zjufx4fo,Eric J Snijder,Sequence requirements for RNA strand transfer during nidovirus discontinuous subgenomic RNA synthesis,green-oa,2001-12-17,The EMBO Journal,5020.858,284,13583,Leiden University Medical Center,Biology,Leiden University Medical Center,126557.88,NL,healthcare,5565735,Medicine,"['1460-2075', '0261-4189']",The EMBO Journal,Nature Portfolio,85738.17,2655687,Biology
6lvn10f4,Peiyong Huang,Heterogeneous nuclear ribonucleoprotein A1 regulates RNA synthesis of a cytoplasmic virus,green-oa,2000-09-01,The EMBO Journal,530.3951,3,167,Howard Hughes Medical Institute,Exon,Howard Hughes Medical Institute,294565.7,US,nonprofit,18798878,Biology,"['1460-2075', '0261-4189']",The EMBO Journal,Nature Portfolio,85738.17,2655687,Biology
6lvn10f4,Michael MC Lai,Heterogeneous nuclear ribonucleoprotein A1 regulates RNA synthesis of a cytoplasmic virus,green-oa,2000-09-01,The EMBO Journal,411.18005,1,102,Howard Hughes Medical Institute,Genetics,Howard Hughes Medical Institute,294565.7,US,nonprofit,18798878,Biology,"['1460-2075', '0261-4189']",The EMBO Journal,Nature Portfolio,85738.17,2655687,Biology
6lvn10f4,Stephanie T Shi,Heterogeneous nuclear ribonucleoprotein A1 regulates RNA synthesis of a cytoplasmic virus,green-oa,2000-09-01,The EMBO Journal,1510.1488,20,1941,Pfizer,Chemistry,Pfizer,64326.574,US,company,3184114,Biology,"['1460-2075', '0261-4189']",The EMBO Journal,Nature Portfolio,85738.17,2655687,Biology
6lvn10f4,Hsin-Pai Li,Heterogeneous nuclear ribonucleoprotein A1 regulates RNA synthesis of a cytoplasmic virus,green-oa,2000-09-01,The EMBO Journal,1599.3103,42,1402,Chang Gung University,Genetics,Chang Gung University,82135.414,TW,education,1728878,Medicine,"['1460-2075', '0261-4189']",The EMBO Journal,Nature Portfolio,85738.17,2655687,Biology
mcuixluu,Aspasia Ploubidou,Vaccinia virus infection disrupts microtubule organization and centrosome function,green-oa,2000-08-01,The EMBO Journal,1456.4429,4,552,European Molecular Biology Laboratory,Genetics,European Molecular Biology Laboratory,70720.23,DE,government,1147370,Biology,"['1460-2075', '0261-4189']",The EMBO Journal,Nature Portfolio,85738.17,2655687,Biology
mcuixluu,Inge Reckmann,Vaccinia virus infection disrupts microtubule organization and centrosome function,green-oa,2000-08-01,The EMBO Journal,1733.4438,12,1118,European Molecular Biology Laboratory,Biology,European Molecular Biology Laboratory,70720.23,DE,government,1147370,Biology,"['1460-2075', '0261-4189']",The EMBO Journal,Nature Portfolio,85738.17,2655687,Biology
mcuixluu,Violaine Moreau,Vaccinia virus infection disrupts microtubule organization and centrosome function,green-oa,2000-08-01,The EMBO Journal,2185.2659,59,2302,Inserm,Biology,Inserm,156847.92,FR,government,13273712,Medicine,"['1460-2075', '0261-4189']",The EMBO Journal,Nature Portfolio,85738.17,2655687,Biology
mcuixluu,Keith Ashman,Vaccinia virus infection disrupts microtubule organization and centrosome function,green-oa,2000-08-01,The EMBO Journal,3415.8025,109,6208,University of Queensland,Biology,University of Queensland,127961.4,AU,education,11580258,Biology,"['1460-2075', '0261-4189']",The EMBO Journal,Nature Portfolio,85738.17,2655687,Biology
mcuixluu,Michael Way,Vaccinia virus infection disrupts microtubule organization and centrosome function,green-oa,2000-08-01,The EMBO Journal,3157.0571,203,8182,The Francis Crick Institute,Biology,The Francis Crick Institute,54600.176,GB,facility,562724,Biology,"['1460-2075', '0261-4189']",The EMBO Journal,Nature Portfolio,85738.17,2655687,Biology
yp7zhgj9,Gerton Lunter,Investigating selection on viruses: a statistical alignment approach,cc-by,2008-07-10,BMC Bioinformatics,10430.126,126,27306,University Medical Center Groningen,Biology,University Medical Center Groningen,108229.945,NL,healthcare,4025646,Medicine,['1471-2105'],BMC Bioinformatics,Springer Science+Business Media,42645.68,517293,Biology
1ypgij14,Jian Huang,MIMOX: a web tool for phage display based epitope mapping,cc-by,2006-10-12,BMC Bioinformatics,4762.634,1456,31400,University of Iowa,Biology,University of Iowa,118464.6,US,education,10295369,Biology,['1471-2105'],BMC Bioinformatics,Springer Science+Business Media,42645.68,517293,Biology
1ypgij14,Alex Gutteridge,MIMOX: a web tool for phage display based epitope mapping,cc-by,2006-10-12,BMC Bioinformatics,2324.0254,41,2793,Age UK,Biology,Age UK,16292.273,GB,nonprofit,79540,Medicine,['1471-2105'],BMC Bioinformatics,Springer Science+Business Media,42645.68,517293,Biology
1ypgij14,Wataru Honda,MIMOX: a web tool for phage display based epitope mapping,cc-by,2006-10-12,BMC Bioinformatics,1396.7383,18,1078,Osaka Prefecture University,Engineering,Osaka Prefecture University,57969.707,JP,education,1178029,Physics,['1471-2105'],BMC Bioinformatics,Springer Science+Business Media,42645.68,517293,Biology
1ypgij14,Minoru Kanehisa,MIMOX: a web tool for phage display based epitope mapping,cc-by,2006-10-12,BMC Bioinformatics,12224.752,422,62028,Kyoto University,Biology,Kyoto University,137553.86,JP,education,15485162,Biology,['1471-2105'],BMC Bioinformatics,Springer Science+Business Media,42645.68,517293,Biology
yp7zhgj9,Jotun Hein,Investigating selection on viruses: a statistical alignment approach,cc-by,2008-07-10,BMC Bioinformatics,3763.8396,133,4617,University of Oxford,Biology,University of Oxford,178203.55,GB,education,24130545,Biology,['1471-2105'],BMC Bioinformatics,Springer Science+Business Media,42645.68,517293,Biology
qbldmef1,Feng Wang,Transcript-level annotation of Affymetrix probesets improves the interpretation of gene expression data,cc-by,2007-06-11,BMC Bioinformatics,6229.2227,2167,70468,Beijing University of Chemical Technology,Chemistry,Beijing University of Chemical Technology,82911.055,CN,education,2517685,Chemistry,['1471-2105'],BMC Bioinformatics,Springer Science+Business Media,42645.68,517293,Biology
qbldmef1,Lu Xie,Transcript-level annotation of Affymetrix probesets improves the interpretation of gene expression data,cc-by,2007-06-11,BMC Bioinformatics,1509.8811,72,2734,Shanghai Center For Bioinformation Technology,Biology,Shanghai Center For Bioinformation Technology,11083.435,CN,facility,25033,Biology,['1471-2105'],BMC Bioinformatics,Springer Science+Business Media,42645.68,517293,Biology
yp7zhgj9,Saskia de Groot,Investigating selection on viruses: a statistical alignment approach,cc-by,2008-07-10,BMC Bioinformatics,636.682,20,197,Erasmus University Rotterdam,Medicine,Erasmus University Rotterdam,178165.7,NL,education,7567104,Medicine,['1471-2105'],BMC Bioinformatics,Springer Science+Business Media,42645.68,517293,Biology
yp7zhgj9,Thomas Mailund,Investigating selection on viruses: a statistical alignment approach,cc-by,2008-07-10,BMC Bioinformatics,3019.863,130,4788,Aarhus University,Computer science,Aarhus University,101717.79,DK,education,5885200,Biology,['1471-2105'],BMC Bioinformatics,Springer Science+Business Media,42645.68,517293,Biology
jg13scgo,Jeremy U Espino,Technical Description of RODS: A Real-time Public Health Surveillance System,bronze-oa,2003-09-01,Journal of the American Medical Informatics Association,1418.5723,44,885,University of Pittsburgh,Computer science,University of Pittsburgh,166058.02,US,education,18744069,Medicine,"['1067-5027', '1527-974X']",Journal of the American Medical Informatics Association,Oxford University Press,30164.291,199861,Computer science
jg13scgo,Virginia M Dato,Technical Description of RODS: A Real-time Public Health Surveillance System,bronze-oa,2003-09-01,Journal of the American Medical Informatics Association,1509.4664,27,1167,University of Pittsburgh,Medicine,University of Pittsburgh,166058.02,US,education,18744069,Medicine,"['1067-5027', '1527-974X']",Journal of the American Medical Informatics Association,Oxford University Press,30164.291,199861,Computer science
jg13scgo,Judith Hutman,Technical Description of RODS: A Real-time Public Health Surveillance System,bronze-oa,2003-09-01,Journal of the American Medical Informatics Association,860.9067,4,305,University of Pittsburgh,Political science,University of Pittsburgh,166058.02,US,education,18744069,Medicine,"['1067-5027', '1527-974X']",Journal of the American Medical Informatics Association,Oxford University Press,30164.291,199861,Computer science
jg13scgo,Michael M Wagner,Technical Description of RODS: A Real-time Public Health Surveillance System,bronze-oa,2003-09-01,Journal of the American Medical Informatics Association,1577.6282,128,2632,University of Pittsburgh,Computer science,University of Pittsburgh,166058.02,US,education,18744069,Medicine,"['1067-5027', '1527-974X']",Journal of the American Medical Informatics Association,Oxford University Press,30164.291,199861,Computer science
jg13scgo,Michael M Wagner,Technical Description of RODS: A Real-time Public Health Surveillance System,bronze-oa,2003-09-01,Journal of the American Medical Informatics Association,1577.6282,128,2632,University of Pittsburgh,Computer science,University of Pittsburgh,166058.02,US,education,18744069,Medicine,"['1067-5027', '1527-974X']",Journal of the American Medical Informatics Association,Oxford University Press,30164.291,199861,Computer science
jg13scgo,Per H Gesteland,Technical Description of RODS: A Real-time Public Health Surveillance System,bronze-oa,2003-09-01,Journal of the American Medical Informatics Association,2047.8417,62,1601,University of Utah,Medicine,University of Utah,126617.0,US,education,10773955,Biology,"['1067-5027', '1527-974X']",Journal of the American Medical Informatics Association,Oxford University Press,30164.291,199861,Computer science
emnln2ix,Michael M Wagner,Establishing a nationwide emergency department-based syndromic surveillance system for better public health responses in Taiwan,cc-by,2008-01-18,BMC Public Health,1577.6282,128,2632,University of Pittsburgh,Computer science,University of Pittsburgh,166058.02,US,education,18744069,Medicine,['1471-2458'],BMC Public Health,BioMed Central,43231.438,516088,Medicine
emnln2ix,Michael M Wagner,Establishing a nationwide emergency department-based syndromic surveillance system for better public health responses in Taiwan,cc-by,2008-01-18,BMC Public Health,1577.6282,128,2632,University of Pittsburgh,Computer science,University of Pittsburgh,166058.02,US,education,18744069,Medicine,['1471-2458'],BMC Public Health,BioMed Central,43231.438,516088,Medicine
emnln2ix,Fu-Chiang Richard Tsui,Establishing a nationwide emergency department-based syndromic surveillance system for better public health responses in Taiwan,cc-by,2008-01-18,BMC Public Health,444.82092,1,75,University of Pittsburgh,Psychology,University of Pittsburgh,166058.02,US,education,18744069,Medicine,['1471-2458'],BMC Public Health,BioMed Central,43231.438,516088,Medicine
sgmk96vr,Karen A Holbrook,Logistics of community smallpox control through contact tracing and ring vaccination: a stochastic network model,cc-by,2004-08-06,BMC Public Health,3244.9907,132,6710,University of Georgia,Biology,University of Georgia,61871.64,US,education,3089863,Biology,['1471-2458'],BMC Public Health,BioMed Central,43231.438,516088,Medicine
sgmk96vr,Susan E Fernyak,Logistics of community smallpox control through contact tracing and ring vaccination: a stochastic network model,cc-by,2004-08-06,BMC Public Health,1747.4071,9,1225,San Francisco Department of Public Health,Medicine,San Francisco Department of Public Health,23867.982,US,healthcare,128616,Medicine,['1471-2458'],BMC Public Health,BioMed Central,43231.438,516088,Medicine
sgmk96vr,Diane L Portnoy,Logistics of community smallpox control through contact tracing and ring vaccination: a stochastic network model,cc-by,2004-08-06,BMC Public Health,355.0287,1,61,San Francisco Department of Public Health,Vaccination,San Francisco Department of Public Health,23867.982,US,healthcare,128616,Medicine,['1471-2458'],BMC Public Health,BioMed Central,43231.438,516088,Medicine
sgmk96vr,Randy Reiter,Logistics of community smallpox control through contact tracing and ring vaccination: a stochastic network model,cc-by,2004-08-06,BMC Public Health,688.22205,7,259,San Francisco Department of Public Health,Medicine,San Francisco Department of Public Health,23867.982,US,healthcare,128616,Medicine,['1471-2458'],BMC Public Health,BioMed Central,43231.438,516088,Medicine
sgmk96vr,Tomás J Aragón,Logistics of community smallpox control through contact tracing and ring vaccination: a stochastic network model,cc-by,2004-08-06,BMC Public Health,1736.0743,70,1744,University of Navarra,Medicine,University of Navarra,50822.88,ES,education,1429317,Biology,['1471-2458'],BMC Public Health,BioMed Central,43231.438,516088,Medicine
fvfjz7al,Alan Shiell,Public health preparedness in Alberta: a systems-level study,cc-by,2006-12-28,BMC Public Health,3769.358,177,7152,La Trobe University,Medicine,La Trobe University,81615.85,AU,education,1983833,Biology,['1471-2458'],BMC Public Health,BioMed Central,43231.438,516088,Medicine
tw6wusxe,George S Everly,Local public health workers' perceptions toward responding to an influenza pandemic,cc-by,2006-04-18,BMC Public Health,1907.6411,146,1987,Johns Hopkins University,Psychology,Johns Hopkins University,233501.19,US,education,14184086,Medicine,['1471-2458'],BMC Public Health,BioMed Central,43231.438,516088,Medicine
hwlvk68z,Michael A Stoto,Transmission patterns of smallpox: systematic review of natural outbreaks in Europe and North America since World War II,cc-by,2006-05-05,BMC Public Health,2871.9822,294,4229,Harvard University,Medicine,Harvard University,235846.86,US,education,37793022,Biology,['1471-2458'],BMC Public Health,BioMed Central,43231.438,516088,Medicine
goo993eg,Michael A Stoto,Characterizing Influenza surveillance systems performance: application of a Bayesian hierarchical statistical model to Hong Kong surveillance data,cc-by,2014-08-15,BMC Public Health,2871.9822,294,4229,Harvard University,Medicine,Harvard University,235846.86,US,education,37793022,Biology,['1471-2458'],BMC Public Health,BioMed Central,43231.438,516088,Medicine
bnnl700a,Manami Inoue,Public awareness of risk factors for cancer among the Japanese general population: A population-based survey,cc-by,2006-01-10,BMC Public Health,4213.702,5,9230,Juntendo University,Ecology,Juntendo University,59154.0,JP,education,1849945,Medicine,['1471-2458'],BMC Public Health,BioMed Central,43231.438,516088,Medicine
bnnl700a,Motoki Iwasaki,Public awareness of risk factors for cancer among the Japanese general population: A population-based survey,cc-by,2006-01-10,BMC Public Health,10173.39,1402,50098,University of Tokyo,Medicine,University of Tokyo,174507.94,JP,education,26321267,Biology,['1471-2458'],BMC Public Health,BioMed Central,43231.438,516088,Medicine
bnnl700a,Tetsuya Otani,Public awareness of risk factors for cancer among the Japanese general population: A population-based survey,cc-by,2006-01-10,BMC Public Health,2527.7532,64,3370,Tohoku University,Medicine,Tohoku University,126887.62,JP,education,10795733,Physics,['1471-2458'],BMC Public Health,BioMed Central,43231.438,516088,Medicine
bnnl700a,Shizuka Sasazuki,Public awareness of risk factors for cancer among the Japanese general population: A population-based survey,cc-by,2006-01-10,BMC Public Health,5531.372,231,9715,National Center for Global Health and Medicine,Medicine,National Center for Global Health and Medicine,27108.494,JP,healthcare,220821,Medicine,['1471-2458'],BMC Public Health,BioMed Central,43231.438,516088,Medicine
tw6wusxe,Saad B Omer,Local public health workers' perceptions toward responding to an influenza pandemic,cc-by,2006-04-18,BMC Public Health,10324.546,599,61458,Yale University,Medicine,Yale University,213949.64,US,education,26445307,Biology,['1471-2458'],BMC Public Health,BioMed Central,43231.438,516088,Medicine
tw6wusxe,Ran D Balicer,Local public health workers' perceptions toward responding to an influenza pandemic,cc-by,2006-04-18,BMC Public Health,4487.8003,335,7905,Clalit Health Services,Medicine,Clalit Health Services,19161.594,IL,healthcare,89514,Medicine,['1471-2458'],BMC Public Health,BioMed Central,43231.438,516088,Medicine
tw6wusxe,Daniel J Barnett,Local public health workers' perceptions toward responding to an influenza pandemic,cc-by,2006-04-18,BMC Public Health,1319.3708,94,1460,Bloomberg,Medicine,Bloomberg,81287.15,US,company,3427806,Medicine,['1471-2458'],BMC Public Health,BioMed Central,43231.438,516088,Medicine
hwlvk68z,Vibha Bhatnagar,Transmission patterns of smallpox: systematic review of natural outbreaks in Europe and North America since World War II,cc-by,2006-05-05,BMC Public Health,2025.5361,57,1752,University of California System,Medicine,University of California System,44940.4,US,education,1022524,Biology,['1471-2458'],BMC Public Health,BioMed Central,43231.438,516088,Medicine
hwlvk68z,Sally C Morton,Transmission patterns of smallpox: systematic review of natural outbreaks in Europe and North America since World War II,cc-by,2006-05-05,BMC Public Health,7607.4214,255,36093,Nottinghamshire Healthcare NHS Foundation Trust,Medicine,Nottinghamshire Healthcare NHS Foundation Trust,10559.482,GB,healthcare,18356,Medicine,['1471-2458'],BMC Public Health,BioMed Central,43231.438,516088,Medicine
w5fxen70,Gérard Krause,Reliability of case definitions for public health surveillance assessed by Round-Robin test methodology,cc-by,2006-05-10,BMC Public Health,3551.2578,301,8556,German Center for Infection Research,Medicine,German Center for Infection Research,19322.055,DE,facility,98475,Biology,['1471-2458'],BMC Public Health,BioMed Central,43231.438,516088,Medicine
w5fxen70,Gérard Krause,Reliability of case definitions for public health surveillance assessed by Round-Robin test methodology,cc-by,2006-05-10,BMC Public Health,3551.2578,301,8556,German Center for Infection Research,Medicine,German Center for Infection Research,19322.055,DE,facility,98475,Biology,['1471-2458'],BMC Public Health,BioMed Central,43231.438,516088,Medicine
w5fxen70,Gérard Krause,Reliability of case definitions for public health surveillance assessed by Round-Robin test methodology,cc-by,2006-05-10,BMC Public Health,3551.2578,301,8556,German Center for Infection Research,Medicine,German Center for Infection Research,19322.055,DE,facility,98475,Biology,['1471-2458'],BMC Public Health,BioMed Central,43231.438,516088,Medicine
w5fxen70,Bonita Brodhun,Reliability of case definitions for public health surveillance assessed by Round-Robin test methodology,cc-by,2006-05-10,BMC Public Health,1140.7,82,384,Robert Koch Institute,Medicine,Robert Koch Institute,54532.504,DE,government,787782,Medicine,['1471-2458'],BMC Public Health,BioMed Central,43231.438,516088,Medicine
w5fxen70,Doris Altmann,Reliability of case definitions for public health surveillance assessed by Round-Robin test methodology,cc-by,2006-05-10,BMC Public Health,1392.8708,79,1015,Robert Koch Institute,Medicine,Robert Koch Institute,54532.504,DE,government,787782,Medicine,['1471-2458'],BMC Public Health,BioMed Central,43231.438,516088,Medicine
w5fxen70,Hermann Claus,Reliability of case definitions for public health surveillance assessed by Round-Robin test methodology,cc-by,2006-05-10,BMC Public Health,2043.0524,66,2855,Robert Koch Institute,Medicine,Robert Koch Institute,54532.504,DE,government,787782,Medicine,['1471-2458'],BMC Public Health,BioMed Central,43231.438,516088,Medicine
w5fxen70,Hermann Claus,Reliability of case definitions for public health surveillance assessed by Round-Robin test methodology,cc-by,2006-05-10,BMC Public Health,2043.0524,66,2855,Robert Koch Institute,Medicine,Robert Koch Institute,54532.504,DE,government,787782,Medicine,['1471-2458'],BMC Public Health,BioMed Central,43231.438,516088,Medicine
w5fxen70,Justus Benzler,Reliability of case definitions for public health surveillance assessed by Round-Robin test methodology,cc-by,2006-05-10,BMC Public Health,1358.4595,44,630,Robert Koch Institute,Medicine,Robert Koch Institute,54532.504,DE,government,787782,Medicine,['1471-2458'],BMC Public Health,BioMed Central,43231.438,516088,Medicine
yxhk1qm3,Mohd Apandi Yusof,"Sentinel surveillance for human enterovirus 71 in Sarawak, Malaysia: lessons from the first 7 years",cc-by,2006-07-07,BMC Public Health,925.409,15,252,Ministry of Health,Medicine,Ministry of Health,16358.064,TR,government,242914,Medicine,['1471-2458'],BMC Public Health,BioMed Central,43231.438,516088,Medicine
yxhk1qm3,Andrew Kiyu,"Sentinel surveillance for human enterovirus 71 in Sarawak, Malaysia: lessons from the first 7 years",cc-by,2006-07-07,BMC Public Health,687.11304,3,226,Ministry of Health,Medicine,Ministry of Health,16358.064,TR,government,242914,Medicine,['1471-2458'],BMC Public Health,BioMed Central,43231.438,516088,Medicine
yxhk1qm3,Yuwana Podin,"Sentinel surveillance for human enterovirus 71 in Sarawak, Malaysia: lessons from the first 7 years",cc-by,2006-07-07,BMC Public Health,1681.6967,31,709,Universiti Malaysia Sarawak,Medicine,Universiti Malaysia Sarawak,29659.564,MY,education,127330,Biology,['1471-2458'],BMC Public Health,BioMed Central,43231.438,516088,Medicine
yxhk1qm3,Yee-Wei Leong,"Sentinel surveillance for human enterovirus 71 in Sarawak, Malaysia: lessons from the first 7 years",cc-by,2006-07-07,BMC Public Health,611.5603,1,189,Universiti Malaysia Sarawak,Transmission (telecommunications),Universiti Malaysia Sarawak,29659.564,MY,education,127330,Biology,['1471-2458'],BMC Public Health,BioMed Central,43231.438,516088,Medicine
yxhk1qm3,Siew-Fung Yee,"Sentinel surveillance for human enterovirus 71 in Sarawak, Malaysia: lessons from the first 7 years",cc-by,2006-07-07,BMC Public Health,728.7478,1,189,Universiti Malaysia Sarawak,Transmission (telecommunications),Universiti Malaysia Sarawak,29659.564,MY,education,127330,Biology,['1471-2458'],BMC Public Health,BioMed Central,43231.438,516088,Medicine
yxhk1qm3,David Perera,"Sentinel surveillance for human enterovirus 71 in Sarawak, Malaysia: lessons from the first 7 years",cc-by,2006-07-07,BMC Public Health,1756.5214,77,2823,Universiti Malaysia Sarawak,Biology,Universiti Malaysia Sarawak,29659.564,MY,education,127330,Biology,['1471-2458'],BMC Public Health,BioMed Central,43231.438,516088,Medicine
yxhk1qm3,Mohd Taha Arif,"Sentinel surveillance for human enterovirus 71 in Sarawak, Malaysia: lessons from the first 7 years",cc-by,2006-07-07,BMC Public Health,688.1936,9,202,Universiti Malaysia Sarawak,Medicine,Universiti Malaysia Sarawak,29659.564,MY,education,127330,Biology,['1471-2458'],BMC Public Health,BioMed Central,43231.438,516088,Medicine
yxhk1qm3,Flora Ong,"Sentinel surveillance for human enterovirus 71 in Sarawak, Malaysia: lessons from the first 7 years",cc-by,2006-07-07,BMC Public Health,1118.1482,4,730,Forest Department Sarawak,Medicine,Forest Department Sarawak,7120.2676,MY,government,11192,Biology,['1471-2458'],BMC Public Health,BioMed Central,43231.438,516088,Medicine
yxhk1qm3,Mary Jane Cardosa,"Sentinel surveillance for human enterovirus 71 in Sarawak, Malaysia: lessons from the first 7 years",cc-by,2006-07-07,BMC Public Health,3149.1,56,3758,Sentinext Therapeutics,Medicine,Sentinext Therapeutics,1461.8977,MY,company,550,Medicine,['1471-2458'],BMC Public Health,BioMed Central,43231.438,516088,Medicine
ya9klbbm,Adam Meijer,Case-based reported mortality associated with laboratory-confirmed influenza A(H1N1) 2009 virus infection in the Netherlands: the 2009-2010 pandemic season versus the 2010-2011 influenza season,cc-by,2011-10-04,BMC Public Health,3408.0498,195,7999,National Institute for Public Health and the Environment,Medicine,National Institute for Public Health and the Environment,45207.965,NL,facility,597941,Biology,['1471-2458'],BMC Public Health,BioMed Central,43231.438,516088,Medicine
gcjgfasj,Garry J Stevens,Factors influencing psychological distress during a disease epidemic: Data from Australia's first outbreak of equine influenza,cc-by,2008-10-03,BMC Public Health,71.108574,1,3,University of Sydney,Finance,University of Sydney,118737.89,AU,education,10086700,Biology,['1471-2458'],BMC Public Health,BioMed Central,43231.438,516088,Medicine
fvfjz7al,Tom Noseworthy,Public health preparedness in Alberta: a systems-level study,cc-by,2006-12-28,BMC Public Health,2928.7126,196,4066,University of Calgary,Medicine,University of Calgary,114640.49,CA,education,6799204,Biology,['1471-2458'],BMC Public Health,BioMed Central,43231.438,516088,Medicine
ujbclp35,Cindy L Adams,"Gatekeepers of health: A qualitative assessment of child care centre staff's perspectives, practices and challenges to enteric illness prevention and management in child care centres",cc-by,2008-06-13,BMC Public Health,1495.435,72,1475,University of Calgary,Medicine,University of Calgary,114640.49,CA,education,6799204,Biology,['1471-2458'],BMC Public Health,BioMed Central,43231.438,516088,Medicine
m9ni2883,Neil M Ferguson,Rapid detection of pandemic influenza in the presence of seasonal influenza,cc-by,2010-11-24,BMC Public Health,6849.55,617,33463,Imperial College London,Medicine,Imperial College London,256694.16,GB,education,19581438,Biology,['1471-2458'],BMC Public Health,BioMed Central,43231.438,516088,Medicine
m9ni2883,Neil M Ferguson,Rapid detection of pandemic influenza in the presence of seasonal influenza,cc-by,2010-11-24,BMC Public Health,6849.5483,617,33463,Imperial College London,Medicine,Imperial College London,256694.16,GB,education,19581438,Biology,['1471-2458'],BMC Public Health,BioMed Central,43231.438,516088,Medicine
m9ni2883,Neil M Ferguson,Rapid detection of pandemic influenza in the presence of seasonal influenza,cc-by,2010-11-24,BMC Public Health,5721.391,617,33463,Imperial College London,Medicine,Imperial College London,256694.16,GB,education,19581438,Biology,['1471-2458'],BMC Public Health,BioMed Central,43231.438,516088,Medicine
m9ni2883,Neil M Ferguson,Rapid detection of pandemic influenza in the presence of seasonal influenza,cc-by,2010-11-24,BMC Public Health,6849.55,617,33463,Imperial College London,Medicine,Imperial College London,256694.16,GB,education,19581438,Biology,['1471-2458'],BMC Public Health,BioMed Central,43231.438,516088,Medicine
wgxt36jv,David J Dausey,Designing and conducting tabletop exercises to assess public health preparedness for manmade and naturally occurring biological threats,cc-by,2007-05-29,BMC Public Health,1332.693,50,898,Mercyhurst University,Medicine,Mercyhurst University,4657.494,US,education,9501,Biology,['1471-2458'],BMC Public Health,BioMed Central,43231.438,516088,Medicine
wgxt36jv,James W Buehler,Designing and conducting tabletop exercises to assess public health preparedness for manmade and naturally occurring biological threats,cc-by,2007-05-29,BMC Public Health,2947.5945,138,5421,Drexel University,Medicine,Drexel University,79705.11,US,education,3190158,Biology,['1471-2458'],BMC Public Health,BioMed Central,43231.438,516088,Medicine
wgxt36jv,Nicole Lurie,Designing and conducting tabletop exercises to assess public health preparedness for manmade and naturally occurring biological threats,cc-by,2007-05-29,BMC Public Health,4792.7646,283,13582,Coalition for Epidemic Preparedness Innovations,Medicine,Coalition for Epidemic Preparedness Innovations,8770.612,NO,facility,8772,Medicine,['1471-2458'],BMC Public Health,BioMed Central,43231.438,516088,Medicine
wrru98zg,Christoph Hatz,"A cross-sectional survey to evaluate knowledge, attitudes and practices (KAP) regarding seasonal influenza vaccination among European travellers to resource-limited destinations",cc-by,2010-07-07,BMC Public Health,3556.2263,298,6151,Swiss Tropical and Public Health Institute,Medicine,Swiss Tropical and Public Health Institute,49720.742,CH,facility,604738,Medicine,['1471-2458'],BMC Public Health,BioMed Central,43231.438,516088,Medicine
emnln2ix,Shiou-Wen Lu,Establishing a nationwide emergency department-based syndromic surveillance system for better public health responses in Taiwan,cc-by,2008-01-18,BMC Public Health,390.08765,1,75,Centers for Disease Control and Prevention,Psychology,Centers for Disease Control and Prevention,142406.22,US,government,3755697,Medicine,['1471-2458'],BMC Public Health,BioMed Central,43231.438,516088,Medicine
emnln2ix,Jr-How Chou,Establishing a nationwide emergency department-based syndromic surveillance system for better public health responses in Taiwan,cc-by,2008-01-18,BMC Public Health,446.00372,1,75,Centers for Disease Control and Prevention,Psychology,Centers for Disease Control and Prevention,142406.22,US,government,3755697,Medicine,['1471-2458'],BMC Public Health,BioMed Central,43231.438,516088,Medicine
emnln2ix,Chan-Hsien Chiu,Establishing a nationwide emergency department-based syndromic surveillance system for better public health responses in Taiwan,cc-by,2008-01-18,BMC Public Health,415.0249,2,78,Centers for Disease Control and Prevention,Medicine,Centers for Disease Control and Prevention,142406.22,US,government,3755697,Medicine,['1471-2458'],BMC Public Health,BioMed Central,43231.438,516088,Medicine
fite9vs8,Tugrul Erbaydar,Avian influenza outbreak in Turkey through health personnel's views: a qualitative study,cc-by,2007-11-15,BMC Public Health,566.50653,4,96,Marmara University,Political science,Marmara University,33320.12,TR,education,579838,Biology,['1471-2458'],BMC Public Health,BioMed Central,43231.438,516088,Medicine
emnln2ix,Tsung-Shu Joseph Wu,Establishing a nationwide emergency department-based syndromic surveillance system for better public health responses in Taiwan,cc-by,2008-01-18,BMC Public Health,786.3133,28,289,Mzuzu University,Medicine,Mzuzu University,3901.5115,MW,education,6667,Biology,['1471-2458'],BMC Public Health,BioMed Central,43231.438,516088,Medicine
emnln2ix,Jiunn-Shyan Julian Wu,Establishing a nationwide emergency department-based syndromic surveillance system for better public health responses in Taiwan,cc-by,2008-01-18,BMC Public Health,1049.88,2,312,Ministry of Public Health,Psychology,Ministry of Public Health,17601.441,TH,government,165785,Medicine,['1471-2458'],BMC Public Health,BioMed Central,43231.438,516088,Medicine
emnln2ix,Ih-Jen Su,Establishing a nationwide emergency department-based syndromic surveillance system for better public health responses in Taiwan,cc-by,2008-01-18,BMC Public Health,5447.259,379,12303,Southern Taiwan University of Science and Technology,Biology,Southern Taiwan University of Science and Technology,18426.678,TW,education,95199,Physics,['1471-2458'],BMC Public Health,BioMed Central,43231.438,516088,Medicine
emnln2ix,Chwan-Chuen King,Establishing a nationwide emergency department-based syndromic surveillance system for better public health responses in Taiwan,cc-by,2008-01-18,BMC Public Health,3892.5134,143,4479,National Taiwan University,Medicine,National Taiwan University,113827.2,TW,education,7173454,Biology,['1471-2458'],BMC Public Health,BioMed Central,43231.438,516088,Medicine
6sfleb1b,Chwan-Chuen King,Spatio-temporal analysis on enterovirus cases through integrated surveillance in Taiwan,cc-by,2014-01-08,BMC Public Health,3892.5134,143,4479,National Taiwan University,Medicine,National Taiwan University,113827.2,TW,education,7173454,Biology,['1471-2458'],BMC Public Health,BioMed Central,43231.438,516088,Medicine
m9ni2883,Mark EJ Woolhouse,Rapid detection of pandemic influenza in the presence of seasonal influenza,cc-by,2010-11-24,BMC Public Health,,1,0,University of Edinburgh,Transmission (telecommunications),University of Edinburgh,127998.39,GB,education,10369455,Biology,['1471-2458'],BMC Public Health,BioMed Central,43231.438,516088,Medicine
m9ni2883,Nicholas J Savill,Rapid detection of pandemic influenza in the presence of seasonal influenza,cc-by,2010-11-24,BMC Public Health,2054.9023,74,2190,University of Edinburgh,Biology,University of Edinburgh,127998.39,GB,education,10369455,Biology,['1471-2458'],BMC Public Health,BioMed Central,43231.438,516088,Medicine
ujbclp35,Marsha Taylor,"Gatekeepers of health: A qualitative assessment of child care centre staff's perspectives, practices and challenges to enteric illness prevention and management in child care centres",cc-by,2008-06-13,BMC Public Health,705.30536,22,342,BC Centre for Disease Control,Medicine,BC Centre for Disease Control,25079.588,CA,healthcare,124696,Medicine,['1471-2458'],BMC Public Health,BioMed Central,43231.438,516088,Medicine
ujbclp35,Andrea Ellis,"Gatekeepers of health: A qualitative assessment of child care centre staff's perspectives, practices and challenges to enteric illness prevention and management in child care centres",cc-by,2008-06-13,BMC Public Health,1060.1012,14,1030,Public Health Agency of Canada,Medicine,Public Health Agency of Canada,38043.285,CA,government,454665,Medicine,['1471-2458'],BMC Public Health,BioMed Central,43231.438,516088,Medicine
wrru98zg,Margot Mütsch,"A cross-sectional survey to evaluate knowledge, attitudes and practices (KAP) regarding seasonal influenza vaccination among European travellers to resource-limited destinations",cc-by,2010-07-07,BMC Public Health,2174.058,53,1445,University of Zurich,Medicine,University of Zurich,126453.4,CH,education,9706278,Biology,['1471-2458'],BMC Public Health,BioMed Central,43231.438,516088,Medicine
seass3p0,Xingming Li,"An analysis of hospital preparedness capacity for public health emergency in four regions of China: Beijing, Shandong, Guangxi, and Hainan",cc-by,2008-09-20,BMC Public Health,454.3783,5,156,Central South University,Medicine,Central South University,79658.21,CN,education,3809672,Chemistry,['1471-2458'],BMC Public Health,BioMed Central,43231.438,516088,Medicine
seass3p0,Hui Zhang,"An analysis of hospital preparedness capacity for public health emergency in four regions of China: Beijing, Shandong, Guangxi, and Hainan",cc-by,2008-09-20,BMC Public Health,4216.802,1553,29990,ShanghaiTech University,Physics,ShanghaiTech University,34318.24,CN,education,477689,Chemistry,['1471-2458'],BMC Public Health,BioMed Central,43231.438,516088,Medicine
gcjgfasj,Melanie R Taylor,Factors influencing psychological distress during a disease epidemic: Data from Australia's first outbreak of equine influenza,cc-by,2008-10-03,BMC Public Health,1285.069,95,1279,Bushfire and Natural Hazards CRC,Medicine,Bushfire and Natural Hazards CRC,9873.976,AU,nonprofit,9616,Geography,['1471-2458'],BMC Public Health,BioMed Central,43231.438,516088,Medicine
gcjgfasj,Kingsley E Agho,Factors influencing psychological distress during a disease epidemic: Data from Australia's first outbreak of equine influenza,cc-by,2008-10-03,BMC Public Health,3638.816,257,4808,Western Sydney University,Medicine,Western Sydney University,53565.168,AU,education,1077907,Biology,['1471-2458'],BMC Public Health,BioMed Central,43231.438,516088,Medicine
gcjgfasj,Beverley Raphael,Factors influencing psychological distress during a disease epidemic: Data from Australia's first outbreak of equine influenza,cc-by,2008-10-03,BMC Public Health,3803.5662,296,8165,Canberra Hospital,Psychology,Canberra Hospital,16208.112,AU,healthcare,126794,Medicine,['1471-2458'],BMC Public Health,BioMed Central,43231.438,516088,Medicine
dognow0r,Chi-Ho Chan,Excess healthcare burden during 1918-1920 influenza pandemic in Taiwan: implications for post-pandemic preparedness,cc-by,2011-01-17,BMC Public Health,1225.4775,46,928,University of Surrey,Computer science,University of Surrey,60097.57,GB,education,2103448,Physics,['1471-2458'],BMC Public Health,BioMed Central,43231.438,516088,Medicine
baxxcyji,Derek R Smith,Wearing face masks in public during the influenza season may reflect other positive hygiene practices in Japan,cc-by,2012-12-10,BMC Public Health,2196.7168,251,4025,James Cook University,Medicine,James Cook University,71620.38,AU,education,1502924,Biology,['1471-2458'],BMC Public Health,BioMed Central,43231.438,516088,Medicine
wrru98zg,Thomas D Szucs,"A cross-sectional survey to evaluate knowledge, attitudes and practices (KAP) regarding seasonal influenza vaccination among European travellers to resource-limited destinations",cc-by,2010-07-07,BMC Public Health,2552.3257,231,4024,University of Basel,Medicine,University of Basel,89286.016,CH,education,5061921,Biology,['1471-2458'],BMC Public Health,BioMed Central,43231.438,516088,Medicine
dognow0r,Ying-Hen Hsieh,Excess healthcare burden during 1918-1920 influenza pandemic in Taiwan: implications for post-pandemic preparedness,cc-by,2011-01-17,BMC Public Health,2053.0676,87,1805,China Medical University,Biology,China Medical University,36304.37,CN,education,1007196,Medicine,['1471-2458'],BMC Public Health,BioMed Central,43231.438,516088,Medicine
dognow0r,Ying-Hen Hsieh,Excess healthcare burden during 1918-1920 influenza pandemic in Taiwan: implications for post-pandemic preparedness,cc-by,2011-01-17,BMC Public Health,2053.0676,87,1805,China Medical University,Biology,China Medical University,36304.37,CN,education,1007196,Medicine,['1471-2458'],BMC Public Health,BioMed Central,43231.438,516088,Medicine
dognow0r,Ying-Hen Hsieh,Excess healthcare burden during 1918-1920 influenza pandemic in Taiwan: implications for post-pandemic preparedness,cc-by,2011-01-17,BMC Public Health,2053.0676,87,1805,China Medical University,Biology,China Medical University,36304.37,CN,education,1007196,Medicine,['1471-2458'],BMC Public Health,BioMed Central,43231.438,516088,Medicine
72oh3vze,C Raina MacIntyre,"Examining the knowledge, attitudes and practices of domestic and international university students towards seasonal and pandemic influenza",cc-by,2012-04-26,BMC Public Health,5044.3115,494,11350,Kirby Institute,Medicine,Kirby Institute,20413.459,AU,,192656,Medicine,['1471-2458'],BMC Public Health,BioMed Central,43231.438,516088,Medicine
dzzlpz4o,Heath A Kelly,We should not be complacent about our population-based public health response to the first influenza pandemic of the 21(st )century,cc-by,2011-02-03,BMC Public Health,409.50336,6,120,Royal Melbourne Hospital,Medicine,Royal Melbourne Hospital,61195.805,AU,healthcare,1301440,Medicine,['1471-2458'],BMC Public Health,BioMed Central,43231.438,516088,Medicine
dzzlpz4o,Gary K Dowse,We should not be complacent about our population-based public health response to the first influenza pandemic of the 21(st )century,cc-by,2011-02-03,BMC Public Health,2679.0344,82,3342,Government of Western Australia Department of Health,Medicine,Government of Western Australia Department of Health,11782.704,AU,government,30836,Medicine,['1471-2458'],BMC Public Health,BioMed Central,43231.438,516088,Medicine
m9ni2883,Brajendra K Singh,Rapid detection of pandemic influenza in the presence of seasonal influenza,cc-by,2010-11-24,BMC Public Health,1347.8179,37,895,University of Notre Dame,Biology,University of Notre Dame,131976.66,US,education,4769549,Physics,['1471-2458'],BMC Public Health,BioMed Central,43231.438,516088,Medicine
m9ni2883,Chris Robertson,Rapid detection of pandemic influenza in the presence of seasonal influenza,cc-by,2010-11-24,BMC Public Health,4635.9956,471,17946,University of Strathclyde,Medicine,University of Strathclyde,61554.977,GB,education,1744530,Physics,['1471-2458'],BMC Public Health,BioMed Central,43231.438,516088,Medicine
9r62ffew,Wei-Chen Lee,Differentially profiling the low-expression transcriptomes of human hepatoma using a novel SSH/microarray approach,cc-by,2006-05-31,BMC Genomics,1621.7295,212,3007,Chang Gung University,Medicine,Chang Gung University,82135.414,TW,education,1728878,Medicine,['1471-2164'],BMC Genomics,Springer Science+Business Media,42423.34,543264,Biology
4k8f7ou1,Marit S Bratlie,Bioinformatic mapping of AlkB homology domains in viruses,cc-by,2005-01-03,BMC Genomics,1449.7866,5,731,Norwegian University of Science and Technology,Genetics,Norwegian University of Science and Technology,93401.06,NO,education,3682974,Biology,['1471-2164'],BMC Genomics,Springer Science+Business Media,42423.34,543264,Biology
4k8f7ou1,Finn Drabløs,Bioinformatic mapping of AlkB homology domains in viruses,cc-by,2005-01-03,BMC Genomics,3604.9424,93,4595,Norwegian University of Science and Technology,Biology,Norwegian University of Science and Technology,93401.06,NO,education,3682974,Biology,['1471-2164'],BMC Genomics,Springer Science+Business Media,42423.34,543264,Biology
9r62ffew,Yun-Shien Lee,Differentially profiling the low-expression transcriptomes of human hepatoma using a novel SSH/microarray approach,cc-by,2006-05-31,BMC Genomics,2343.649,133,2825,Chang Gung Memorial Hospital,Biology,Chang Gung Memorial Hospital,66369.05,TW,healthcare,813279,Medicine,['1471-2164'],BMC Genomics,Springer Science+Business Media,42423.34,543264,Biology
9r62ffew,Sen-Yung Hsieh,Differentially profiling the low-expression transcriptomes of human hepatoma using a novel SSH/microarray approach,cc-by,2006-05-31,BMC Genomics,1399.4526,29,842,Chang Gung Memorial Hospital,Medicine,Chang Gung Memorial Hospital,66369.05,TW,healthcare,813279,Medicine,['1471-2164'],BMC Genomics,Springer Science+Business Media,42423.34,543264,Biology
9r62ffew,Yung-Lin Lee,Differentially profiling the low-expression transcriptomes of human hepatoma using a novel SSH/microarray approach,cc-by,2006-05-31,BMC Genomics,156.8883,1,18,Memorial Hospital of South Bend,Amplicon,Memorial Hospital of South Bend,23277.186,US,healthcare,130665,Medicine,['1471-2164'],BMC Genomics,Springer Science+Business Media,42423.34,543264,Biology
utmt5sva,Paul K S Chan,Willingness of Hong Kong healthcare workers to accept pre-pandemic influenza vaccination at different WHO alert levels: two questionnaire surveys,cc-by-nc,2009-08-25,BMJ,155.98347,1,21,Chinese University of Hong Kong,Immune system,Chinese University of Hong Kong,162404.17,CN,education,7075330,Biology,['0959-8138'],BMJ,BMJ,71185.78,3672171,Computer science
utmt5sva,Paul K S Chan,Willingness of Hong Kong healthcare workers to accept pre-pandemic influenza vaccination at different WHO alert levels: two questionnaire surveys,cc-by-nc,2009-08-25,BMJ,155.98347,1,21,Chinese University of Hong Kong,Immune system,Chinese University of Hong Kong,162404.17,CN,education,7075330,Biology,['0959-8138'],BMJ,BMJ,71185.78,3672171,Computer science
utmt5sva,William B Goggins,Willingness of Hong Kong healthcare workers to accept pre-pandemic influenza vaccination at different WHO alert levels: two questionnaire surveys,cc-by-nc,2009-08-25,BMJ,3513.2542,182,6514,Chinese University of Hong Kong,Medicine,Chinese University of Hong Kong,162404.17,CN,education,7075330,Biology,['0959-8138'],BMJ,BMJ,71185.78,3672171,Computer science
utmt5sva,Martin C S Wong,Willingness of Hong Kong healthcare workers to accept pre-pandemic influenza vaccination at different WHO alert levels: two questionnaire surveys,cc-by-nc,2009-08-25,BMJ,59.06075,1,3,Chinese University of Hong Kong,Geometry,Chinese University of Hong Kong,162404.17,CN,education,7075330,Biology,['0959-8138'],BMJ,BMJ,71185.78,3672171,Computer science
utmt5sva,Timothy H Rainer,Willingness of Hong Kong healthcare workers to accept pre-pandemic influenza vaccination at different WHO alert levels: two questionnaire surveys,cc-by-nc,2009-08-25,BMJ,3222.7651,346,7490,Cardiff and Vale University Health Board,Medicine,Cardiff and Vale University Health Board,18100.438,GB,healthcare,60288,Medicine,['0959-8138'],BMJ,BMJ,71185.78,3672171,Computer science
zwgnkegf,Neelaabh Shankar,Fluorescence Competition Assay Measurements of Free Energy Changes for RNA Pseudoknots,no-cc,2009-11-18,Biochemistry,581.89996,1,114,Harvard University,Stop codon,Harvard University,235846.86,US,education,37793022,Biology,"['1520-4995', '1943-295X', '0006-2960']",Biochemistry,American Chemical Society,55881.723,3552476,Chemistry
zwgnkegf,Douglas H Turner,Fluorescence Competition Assay Measurements of Free Energy Changes for RNA Pseudoknots,no-cc,2009-11-18,Biochemistry,4082.5107,262,12961,University of Rochester,Chemistry,University of Rochester,122769.19,US,education,9570337,Biology,"['1520-4995', '1943-295X', '0006-2960']",Biochemistry,American Chemical Society,55881.723,3552476,Chemistry
zwgnkegf,Douglas H Turner,Fluorescence Competition Assay Measurements of Free Energy Changes for RNA Pseudoknots,no-cc,2009-11-18,Biochemistry,4082.5107,262,12961,University of Rochester,Chemistry,University of Rochester,122769.19,US,education,9570337,Biology,"['1520-4995', '1943-295X', '0006-2960']",Biochemistry,American Chemical Society,55881.723,3552476,Chemistry
cjzecgrb,Maureen E Taylor,Geometry and Adhesion of Extracellular Domains of DC-SIGNR Neck Length Variants Analyzed by Force–Distance Measurements,no-cc,2011-06-08,Biochemistry,2562.6455,99,4720,Imperial College London,Biology,Imperial College London,256694.16,GB,education,19581438,Biology,"['1520-4995', '1943-295X', '0006-2960']",Biochemistry,American Chemical Society,55881.723,3552476,Chemistry
cjzecgrb,Kurt Drickamer,Geometry and Adhesion of Extracellular Domains of DC-SIGNR Neck Length Variants Analyzed by Force–Distance Measurements,no-cc,2011-06-08,Biochemistry,4784.0996,147,10244,Imperial College London,Biology,Imperial College London,256694.16,GB,education,19581438,Biology,"['1520-4995', '1943-295X', '0006-2960']",Biochemistry,American Chemical Society,55881.723,3552476,Chemistry
zwgnkegf,Biao Liu,Fluorescence Competition Assay Measurements of Free Energy Changes for RNA Pseudoknots,no-cc,2009-11-18,Biochemistry,1116.238,29,1307,Roswell Park Cancer Institute,Chemistry,Roswell Park Cancer Institute,100967.164,US,facility,2105765,Biology,"['1520-4995', '1943-295X', '0006-2960']",Biochemistry,American Chemical Society,55881.723,3552476,Chemistry
l565gha4,Jianhua Sui,Sodium taurocholate cotransporting polypeptide is a functional receptor for human hepatitis B and D virus,cc-by,2012-11-13,eLife,4053.5657,70,9987,Harvard University,Medicine,Harvard University,235846.86,US,education,37793022,Biology,['2050-084X'],eLife,eLife Sciences Publications Ltd,36417.332,495934,Biology
l565gha4,Yi Huang,Sodium taurocholate cotransporting polypeptide is a functional receptor for human hepatitis B and D virus,cc-by,2012-11-13,eLife,3816.1907,178,20795,Northwestern Polytechnical University,Materials science,Northwestern Polytechnical University,102158.58,CN,education,2459287,Physics,['2050-084X'],eLife,eLife Sciences Publications Ltd,36417.332,495934,Biology
1r1ueuk2,A-E Tolnay,Extrapulmonary tissue responses in cynomolgus macaques (Macaca fascicularis) infected with highly pathogenic avian influenza A (H5N1) virus,green-oa,2010-04-07,Archives of Virology,319.38657,2,67,Colorado State University,Genetics,Colorado State University,97990.89,US,education,5297379,Biology,"['0304-8608', '1432-8798']",Archives of Virology,Springer Science+Business Media,28474.32,274487,Biology
1r1ueuk2,P J Sabourin,Extrapulmonary tissue responses in cynomolgus macaques (Macaca fascicularis) infected with highly pathogenic avian influenza A (H5N1) virus,green-oa,2010-04-07,Archives of Virology,284.17783,1,63,Battelle,Psychology,Battelle,25509.412,US,nonprofit,400695,Physics,"['0304-8608', '1432-8798']",Archives of Virology,Springer Science+Business Media,28474.32,274487,Biology
1r1ueuk2,J A Pyles,Extrapulmonary tissue responses in cynomolgus macaques (Macaca fascicularis) infected with highly pathogenic avian influenza A (H5N1) virus,green-oa,2010-04-07,Archives of Virology,189.4691,1,27,Battelle,Genetics,Battelle,25509.412,US,nonprofit,400695,Physics,"['0304-8608', '1432-8798']",Archives of Virology,Springer Science+Business Media,28474.32,274487,Biology
1r1ueuk2,M G Katze,Extrapulmonary tissue responses in cynomolgus macaques (Macaca fascicularis) infected with highly pathogenic avian influenza A (H5N1) virus,green-oa,2010-04-07,Archives of Virology,823.6842,8,418,Memorial Sloan Kettering Cancer Center,Genetics,Memorial Sloan Kettering Cancer Center,336350.03,US,healthcare,15669305,Medicine,"['0304-8608', '1432-8798']",Archives of Virology,Springer Science+Business Media,28474.32,274487,Biology
99bhj7ft,Gérard Krause,Development of a risk assessment tool for contact tracing people after contact with infectious patients while travelling by bus or other public ground transport: a Delphi consensus approach,cc-by-nc,2013-10-24,BMJ Open,3551.2578,301,8556,German Center for Infection Research,Medicine,German Center for Infection Research,19322.055,DE,facility,98475,Biology,['2044-6055'],BMJ Open,BMJ,31835.666,357842,Medicine
99bhj7ft,Gérard Krause,Development of a risk assessment tool for contact tracing people after contact with infectious patients while travelling by bus or other public ground transport: a Delphi consensus approach,cc-by-nc,2013-10-24,BMJ Open,3551.2578,301,8556,German Center for Infection Research,Medicine,German Center for Infection Research,19322.055,DE,facility,98475,Biology,['2044-6055'],BMJ Open,BMJ,31835.666,357842,Medicine
99bhj7ft,Gérard Krause,Development of a risk assessment tool for contact tracing people after contact with infectious patients while travelling by bus or other public ground transport: a Delphi consensus approach,cc-by-nc,2013-10-24,BMJ Open,3551.2578,301,8556,German Center for Infection Research,Medicine,German Center for Infection Research,19322.055,DE,facility,98475,Biology,['2044-6055'],BMJ Open,BMJ,31835.666,357842,Medicine
06e9lkwl,Michael D Nissen,Observational Research in Childhood Infectious Diseases (ORChID): a dynamic birth cohort study,cc-by-nc,2012-10-31,BMJ Open,3095.1555,225,6846,Terry Fox Research Institute,Biology,Terry Fox Research Institute,8360.717,CA,facility,14296,Biology,['2044-6055'],BMJ Open,BMJ,31835.666,357842,Medicine
06e9lkwl,Ian M Mackay,Observational Research in Childhood Infectious Diseases (ORChID): a dynamic birth cohort study,cc-by-nc,2012-10-31,BMJ Open,3250.954,199,7428,Queensland Health,Biology,Queensland Health,16361.036,AU,government,154532,Medicine,['2044-6055'],BMJ Open,BMJ,31835.666,357842,Medicine
nhb4o6ty,David J Marshall,Multiplexed Genetic Analysis Using an Expanded Genetic Alphabet,bronze-oa,2004-11-01,Clinical Chemistry,1413.558,118,2058,Universiti Brunei Darussalam,Biology,Universiti Brunei Darussalam,31221.56,BN,education,114010,Biology,"['0009-9147', '1530-8561']",Clinical Chemistry,American Association for Clinical Chemistry,35879.668,863374,Medicine
nhb4o6ty,Gerda Harms,Multiplexed Genetic Analysis Using an Expanded Genetic Alphabet,bronze-oa,2004-11-01,Clinical Chemistry,1651.1539,10,1260,Center for Environmental Health,Physics,Center for Environmental Health,20220.023,US,facility,216926,Biology,"['0009-9147', '1530-8561']",Clinical Chemistry,American Association for Clinical Chemistry,35879.668,863374,Medicine
nhb4o6ty,Christie M Miller,Multiplexed Genetic Analysis Using an Expanded Genetic Alphabet,bronze-oa,2004-11-01,Clinical Chemistry,256.2212,1,50,Biogen,Multiplexing,Biogen,34104.797,US,company,730179,Biology,"['0009-9147', '1530-8561']",Clinical Chemistry,American Association for Clinical Chemistry,35879.668,863374,Medicine
nhb4o6ty,Christopher B Sherrill,Multiplexed Genetic Analysis Using an Expanded Genetic Alphabet,bronze-oa,2004-11-01,Clinical Chemistry,579.81775,6,189,Biogen,Genetics,Biogen,34104.797,US,company,730179,Biology,"['0009-9147', '1530-8561']",Clinical Chemistry,American Association for Clinical Chemistry,35879.668,863374,Medicine
nhb4o6ty,Edward L Beaty,Multiplexed Genetic Analysis Using an Expanded Genetic Alphabet,bronze-oa,2004-11-01,Clinical Chemistry,702.5208,3,275,Biogen,Genetics,Biogen,34104.797,US,company,730179,Biology,"['0009-9147', '1530-8561']",Clinical Chemistry,American Association for Clinical Chemistry,35879.668,863374,Medicine
nhb4o6ty,Scott A Lederer,Multiplexed Genetic Analysis Using an Expanded Genetic Alphabet,bronze-oa,2004-11-01,Clinical Chemistry,274.60992,1,50,Biogen,Multiplexing,Biogen,34104.797,US,company,730179,Biology,"['0009-9147', '1530-8561']",Clinical Chemistry,American Association for Clinical Chemistry,35879.668,863374,Medicine
nhb4o6ty,Gary Madsen,Multiplexed Genetic Analysis Using an Expanded Genetic Alphabet,bronze-oa,2004-11-01,Clinical Chemistry,267.50885,1,50,Biogen,Multiplexing,Biogen,34104.797,US,company,730179,Biology,"['0009-9147', '1530-8561']",Clinical Chemistry,American Association for Clinical Chemistry,35879.668,863374,Medicine
nhb4o6ty,Eric B Roesch,Multiplexed Genetic Analysis Using an Expanded Genetic Alphabet,bronze-oa,2004-11-01,Clinical Chemistry,517.6381,3,149,Sterling Research Group,Genetics,Sterling Research Group,12213.583,US,company,50618,Chemistry,"['0009-9147', '1530-8561']",Clinical Chemistry,American Association for Clinical Chemistry,35879.668,863374,Medicine
nhb4o6ty,Steven A Benner,Multiplexed Genetic Analysis Using an Expanded Genetic Alphabet,bronze-oa,2004-11-01,Clinical Chemistry,4493.756,383,12840,Firebird Biomolecular Sciences,Biology,Firebird Biomolecular Sciences,4105.705,US,company,2593,Biology,"['0009-9147', '1530-8561']",Clinical Chemistry,American Association for Clinical Chemistry,35879.668,863374,Medicine
nhb4o6ty,James R Prudent,Multiplexed Genetic Analysis Using an Expanded Genetic Alphabet,bronze-oa,2004-11-01,Clinical Chemistry,1675.9572,37,1640,Centrose,Biology,Centrose,745.79236,US,company,241,Medicine,"['0009-9147', '1530-8561']",Clinical Chemistry,American Association for Clinical Chemistry,35879.668,863374,Medicine
1axxmq84,Regina C Armstrong,Endogenous Cell Repair of Chronic Demyelination,bronze-oa,2006-03-01,Journal of Neuropathology and Experimental Neurology,2075.3801,63,2861,Uniformed Services University of the Health Sciences,Medicine,Uniformed Services University of the Health Sciences,84912.625,US,education,1600154,Medicine,"['1554-6578', '0022-3069']",Journal of Neuropathology and Experimental Neurology,Oxford University Press,42559.28,316135,Medicine
1axxmq84,Tuan Q Le,Endogenous Cell Repair of Chronic Demyelination,bronze-oa,2006-03-01,Journal of Neuropathology and Experimental Neurology,2083.2954,17,2279,Uniformed Services University of the Health Sciences,Biology,Uniformed Services University of the Health Sciences,84912.625,US,education,1600154,Medicine,"['1554-6578', '0022-3069']",Journal of Neuropathology and Experimental Neurology,Oxford University Press,42559.28,316135,Medicine
1axxmq84,Nicole C Flint,Endogenous Cell Repair of Chronic Demyelination,bronze-oa,2006-03-01,Journal of Neuropathology and Experimental Neurology,512.67633,3,158,Uniformed Services University of the Health Sciences,Psychology,Uniformed Services University of the Health Sciences,84912.625,US,education,1600154,Medicine,"['1554-6578', '0022-3069']",Journal of Neuropathology and Experimental Neurology,Oxford University Press,42559.28,316135,Medicine
1axxmq84,Adam C Vana,Endogenous Cell Repair of Chronic Demyelination,bronze-oa,2006-03-01,Journal of Neuropathology and Experimental Neurology,898.7159,7,419,Uniformed Services University of the Health Sciences,Psychology,Uniformed Services University of the Health Sciences,84912.625,US,education,1600154,Medicine,"['1554-6578', '0022-3069']",Journal of Neuropathology and Experimental Neurology,Oxford University Press,42559.28,316135,Medicine
1axxmq84,Yong-Xing Zhou,Endogenous Cell Repair of Chronic Demyelination,bronze-oa,2006-03-01,Journal of Neuropathology and Experimental Neurology,688.3556,8,358,National Institute of Diabetes and Digestive and Kidney Diseases,Genetics,National Institute of Diabetes and Digestive and Kidney Diseases,125990.57,US,facility,2456433,Biology,"['1554-6578', '0022-3069']",Journal of Neuropathology and Experimental Neurology,Oxford University Press,42559.28,316135,Medicine
jzwcy7dr,David W Niebuhr,Results From a Hypothesis Generating Case-Control Study: Herpes Family Viruses and Schizophrenia Among Military Personnel,bronze-oa,2008-08-20,Schizophrenia Bulletin,1519.6031,78,1413,Uniformed Services University of the Health Sciences,Medicine,Uniformed Services University of the Health Sciences,84912.625,US,education,1600154,Medicine,"['1745-1707', '0586-7614', '1745-1701']",Schizophrenia Bulletin,Oxford University Press,34393.918,362946,Psychology
jzwcy7dr,Yuanzhang Li,Results From a Hypothesis Generating Case-Control Study: Herpes Family Viruses and Schizophrenia Among Military Personnel,bronze-oa,2008-08-20,Schizophrenia Bulletin,1305.821,45,1169,Walter Reed Army Institute of Research,Medicine,Walter Reed Army Institute of Research,87780.23,US,government,1358362,Medicine,"['1745-1707', '0586-7614', '1745-1701']",Schizophrenia Bulletin,Oxford University Press,34393.918,362946,Psychology
jzwcy7dr,Natalya S Weber,Results From a Hypothesis Generating Case-Control Study: Herpes Family Viruses and Schizophrenia Among Military Personnel,bronze-oa,2008-08-20,Schizophrenia Bulletin,889.73505,22,501,Walter Reed Army Institute of Research,Medicine,Walter Reed Army Institute of Research,87780.23,US,government,1358362,Medicine,"['1745-1707', '0586-7614', '1745-1701']",Schizophrenia Bulletin,Oxford University Press,34393.918,362946,Psychology
jzwcy7dr,Amy M Millikan,Results From a Hypothesis Generating Case-Control Study: Herpes Family Viruses and Schizophrenia Among Military Personnel,bronze-oa,2008-08-20,Schizophrenia Bulletin,806.6364,16,347,United States Department of the Army,Psychology,United States Department of the Army,40455.984,US,government,352139,Engineering,"['1745-1707', '0586-7614', '1745-1701']",Schizophrenia Bulletin,Oxford University Press,34393.918,362946,Psychology
k2vbgqk7,Felipe A Lisboa,Human Pregnancy Specific Beta-1-Glycoprotein 1 (PSG1) Has a Potential Role in Placental Vascular Morphogenesis,hybrid-oa,2010-07-01,Biology of Reproduction,834.89417,17,434,Uniformed Services University of the Health Sciences,Medicine,Uniformed Services University of the Health Sciences,84912.625,US,education,1600154,Medicine,"['1529-7268', '0006-3363']",Biology of Reproduction,Oxford University Press,44122.836,719889,Biology
k2vbgqk7,Anne M Dizon,Human Pregnancy Specific Beta-1-Glycoprotein 1 (PSG1) Has a Potential Role in Placental Vascular Morphogenesis,hybrid-oa,2010-07-01,Biology of Reproduction,265.50348,2,42,Uniformed Services University of the Health Sciences,Genetics,Uniformed Services University of the Health Sciences,84912.625,US,education,1600154,Medicine,"['1529-7268', '0006-3363']",Biology of Reproduction,Oxford University Press,44122.836,719889,Biology
k2vbgqk7,Gabriela S Dveksler,Human Pregnancy Specific Beta-1-Glycoprotein 1 (PSG1) Has a Potential Role in Placental Vascular Morphogenesis,hybrid-oa,2010-07-01,Biology of Reproduction,1873.7216,52,1349,Uniformed Services University of the Health Sciences,Biology,Uniformed Services University of the Health Sciences,84912.625,US,education,1600154,Medicine,"['1529-7268', '0006-3363']",Biology of Reproduction,Oxford University Press,44122.836,719889,Biology
piusm60c,Patricia V Miranda,Localization of Low-Density Detergent-Resistant Membrane Proteins in Intact and Acrosome-Reacted Mouse Sperm,bronze-oa,2009-05-01,Biology of Reproduction,1107.4952,32,934,National Scientific and Technical Research Council,Biology,National Scientific and Technical Research Council,58557.312,AR,government,1038611,Biology,"['1529-7268', '0006-3363']",Biology of Reproduction,Oxford University Press,44122.836,719889,Biology
piusm60c,Alicia Allaire,Localization of Low-Density Detergent-Resistant Membrane Proteins in Intact and Acrosome-Reacted Mouse Sperm,bronze-oa,2009-05-01,Biology of Reproduction,354.422,1,64,University of Massachusetts Amherst,Agronomy,University of Massachusetts Amherst,151084.33,US,education,5981228,Biology,"['1529-7268', '0006-3363']",Biology of Reproduction,Oxford University Press,44122.836,719889,Biology
piusm60c,Pablo E Visconti,Localization of Low-Density Detergent-Resistant Membrane Proteins in Intact and Acrosome-Reacted Mouse Sperm,bronze-oa,2009-05-01,Biology of Reproduction,3122.2979,136,5237,University of Massachusetts Amherst,Biology,University of Massachusetts Amherst,151084.33,US,education,5981228,Biology,"['1529-7268', '0006-3363']",Biology of Reproduction,Oxford University Press,44122.836,719889,Biology
piusm60c,Julian Sosnik,Localization of Low-Density Detergent-Resistant Membrane Proteins in Intact and Acrosome-Reacted Mouse Sperm,bronze-oa,2009-05-01,Biology of Reproduction,1418.6028,20,831,University of Massachusetts Boston,Genetics,University of Massachusetts Boston,42959.285,US,education,639784,Biology,"['1529-7268', '0006-3363']",Biology of Reproduction,Oxford University Press,44122.836,719889,Biology
k2vbgqk7,Ster Irmak,Human Pregnancy Specific Beta-1-Glycoprotein 1 (PSG1) Has a Potential Role in Placental Vascular Morphogenesis,hybrid-oa,2010-07-01,Biology of Reproduction,1282.2678,22,538,Istanbul Bilgi University,Medicine,Istanbul Bilgi University,13516.488,TR,education,39886,Computer science,"['1529-7268', '0006-3363']",Biology of Reproduction,Oxford University Press,44122.836,719889,Biology
k2vbgqk7,James W Warren,Human Pregnancy Specific Beta-1-Glycoprotein 1 (PSG1) Has a Potential Role in Placental Vascular Morphogenesis,hybrid-oa,2010-07-01,Biology of Reproduction,885.5633,64,681,Dalhousie University,Medicine,Dalhousie University,87646.93,CA,education,3545192,Biology,"['1529-7268', '0006-3363']",Biology of Reproduction,Oxford University Press,44122.836,719889,Biology
50pu07f5,Jacco Wallinga,OutbreakTools: A new platform for disease outbreak analysis using the R software,cc-by,2014-06-16,Epidemics,5755.696,214,10271,National Institute for Public Health and the Environment,Medicine,National Institute for Public Health and the Environment,45207.965,NL,facility,597941,Biology,"['1755-4365', '1878-0067']",Epidemics,Elsevier BV,5701.633,12657,Medicine
50pu07f5,Christophe Fraser,OutbreakTools: A new platform for disease outbreak analysis using the R software,cc-by,2014-06-16,Epidemics,5276.8804,346,20673,University of Oxford,Medicine,University of Oxford,178203.55,GB,education,24130545,Biology,"['1755-4365', '1878-0067']",Epidemics,Elsevier BV,5701.633,12657,Medicine
50pu07f5,Christophe Fraser,OutbreakTools: A new platform for disease outbreak analysis using the R software,cc-by,2014-06-16,Epidemics,5276.8804,346,20673,University of Oxford,Medicine,University of Oxford,178203.55,GB,education,24130545,Biology,"['1755-4365', '1878-0067']",Epidemics,Elsevier BV,5701.633,12657,Medicine
50pu07f5,Andrew Rambaut,OutbreakTools: A new platform for disease outbreak analysis using the R software,cc-by,2014-06-16,Epidemics,10542.542,380,57916,University of Edinburgh,Biology,University of Edinburgh,127998.39,GB,education,10369455,Biology,"['1755-4365', '1878-0067']",Epidemics,Elsevier BV,5701.633,12657,Medicine
8oubjvvd,Nicolas Zucchini,Plasmacytoid Dendritic Cells and the Control of Herpesvirus Infections,cc-by,2009-10-14,Viruses,1060.1752,12,587,BD Biosciences,Immune system,BD Biosciences,13351.215,US,company,48333,Biology,['1999-4915'],Viruses,MDPI,18159.625,154083,Biology
2glwghfn,Andrew E Firth,"Insect-Specific Flaviviruses: A Systematic Review of Their Discovery, Host Range, Mode of Transmission, Superinfection Exclusion Potential and Genomic Organization",cc-by,2015-04-10,Viruses,3080.01,167,6008,University of Cambridge,Biology,University of Cambridge,174082.69,GB,education,22088848,Biology,['1999-4915'],Viruses,MDPI,18159.625,154083,Biology
9daqyylb,Kathryn V Holmes,Molecular Phylogeny of Hantaviruses Harbored by Insectivorous Bats in Côte d’Ivoire and Vietnam,cc-by,2014-04-29,Viruses,2432.9958,73,3776,University of Colorado Anschutz Medical Campus,Medicine,University of Colorado Anschutz Medical Campus,110462.21,US,education,2110132,Medicine,['1999-4915'],Viruses,MDPI,18159.625,154083,Biology
xxp6u0f8,Frank Sauvage,Complete Genome and Phylogeny of Puumala Hantavirus Isolates Circulating in France,cc-by,2015-10-22,Viruses,762.2325,21,382,University of Lyon System,Medicine,University of Lyon System,73695.33,FR,education,2199875,Biology,['1999-4915'],Viruses,MDPI,18159.625,154083,Biology
xxp6u0f8,Dominique Pontier,Complete Genome and Phylogeny of Puumala Hantavirus Isolates Circulating in France,cc-by,2015-10-22,Viruses,3998.711,207,7986,University of Lyon System,Biology,University of Lyon System,73695.33,FR,education,2199875,Biology,['1999-4915'],Viruses,MDPI,18159.625,154083,Biology
rxn5lges,Deborah J Cook,A Canadian Critical Care Trials Group project in collaboration with the international forum for acute care trialists - Collaborative H1N1 Adjuvant Treatment pilot trial (CHAT): study protocol and design of a randomized controlled trial,cc-by,2011-03-09,Trials,11492.476,1267,101471,McMaster University,Medicine,McMaster University,108392.086,CA,education,6599980,Biology,['1745-6215'],Trials,Springer Science+Business Media,12676.948,110681,Medicine
x5ardo5j,Ole Lund,Porcine major histocompatibility complex (MHC) class I molecules and analysis of their peptide-binding specificities,no-cc,2011-07-08,Immunogenetics,5877.761,261,19956,Technical University of Denmark,Biology,Technical University of Denmark,115862.984,DK,education,5378710,Physics,"['1432-1211', '0093-7711']",Immunogenetics,Springer Science+Business Media,17855.441,148675,Biology
x5ardo5j,Morten Nielsen,Porcine major histocompatibility complex (MHC) class I molecules and analysis of their peptide-binding specificities,no-cc,2011-07-08,Immunogenetics,5920.519,704,21357,Copenhagen University Hospital,Biology,Copenhagen University Hospital,54580.9,DK,healthcare,1623393,Medicine,"['1432-1211', '0093-7711']",Immunogenetics,Springer Science+Business Media,17855.441,148675,Biology
dp8971im,Nel Otting,Definition of Mafa-A and -B haplotypes in pedigreed cynomolgus macaques (Macaca fascicularis),no-cc,2009-11-24,Immunogenetics,2069.6755,106,1573,Biomedical Primate Research Centre,Biology,Biomedical Primate Research Centre,22411.418,NL,nonprofit,126514,Biology,"['1432-1211', '0093-7711']",Immunogenetics,Springer Science+Business Media,17855.441,148675,Biology
dp8971im,Gaby G M Doxiadis,Definition of Mafa-A and -B haplotypes in pedigreed cynomolgus macaques (Macaca fascicularis),no-cc,2009-11-24,Immunogenetics,2318.645,65,1981,Biomedical Primate Research Centre,Genetics,Biomedical Primate Research Centre,22411.418,NL,nonprofit,126514,Biology,"['1432-1211', '0093-7711']",Immunogenetics,Springer Science+Business Media,17855.441,148675,Biology
dp8971im,Ronald E Bontrop,Definition of Mafa-A and -B haplotypes in pedigreed cynomolgus macaques (Macaca fascicularis),no-cc,2009-11-24,Immunogenetics,5129.7656,271,11134,Biomedical Primate Research Centre,Biology,Biomedical Primate Research Centre,22411.418,NL,nonprofit,126514,Biology,"['1432-1211', '0093-7711']",Immunogenetics,Springer Science+Business Media,17855.441,148675,Biology
iuglkdcp,Amitava Datta,Predicting pseudoknotted structures across two RNA sequences,cc-by,2012-12-01,Bioinformatics,2155.4092,158,2193,Jadavpur University,Physics,Jadavpur University,46941.336,IN,education,976324,Physics,"['1367-4811', '1367-4803']",Bioinformatics,Oxford University Press,37714.777,1309201,Computer science
bhlxglyd,Peter Daszak,Linking the Historical Roots of Environmental Conservation with Human and Wildlife Health,no-cc,2013-09-28,Ecohealth,7301.545,422,26251,EcoHealth Alliance,Biology,EcoHealth Alliance,17260.756,US,nonprofit,76850,Biology,"['1612-9210', '1612-9202']",Ecohealth,Springer Science+Business Media,8449.149,28263,Biology
bhlxglyd,Peter Daszak,Linking the Historical Roots of Environmental Conservation with Human and Wildlife Health,no-cc,2013-09-28,Ecohealth,7301.545,422,26251,EcoHealth Alliance,Biology,EcoHealth Alliance,17260.756,US,nonprofit,76850,Biology,"['1612-9210', '1612-9202']",Ecohealth,Springer Science+Business Media,8449.149,28263,Biology
xm57cnw9,Peter Daszak,Merging Economics and Epidemiology to Improve the Prediction and Management of Infectious Disease,no-cc,2014-09-19,Ecohealth,7301.545,422,26251,EcoHealth Alliance,Biology,EcoHealth Alliance,17260.756,US,nonprofit,76850,Biology,"['1612-9210', '1612-9202']",Ecohealth,Springer Science+Business Media,8449.149,28263,Biology
xm57cnw9,Peter Daszak,Merging Economics and Epidemiology to Improve the Prediction and Management of Infectious Disease,no-cc,2014-09-19,Ecohealth,7301.545,422,26251,EcoHealth Alliance,Biology,EcoHealth Alliance,17260.756,US,nonprofit,76850,Biology,"['1612-9210', '1612-9202']",Ecohealth,Springer Science+Business Media,8449.149,28263,Biology
xm57cnw9,A Marm Kilpatrick,Merging Economics and Epidemiology to Improve the Prediction and Management of Infectious Disease,no-cc,2014-09-19,Ecohealth,4650.5405,139,7474,Michigan Department of Natural Resources,Biology,Michigan Department of Natural Resources,14254.84,US,government,47690,Biology,"['1612-9210', '1612-9202']",Ecohealth,Springer Science+Business Media,8449.149,28263,Biology
xf0pmog4,Lisa G Rider,Environmental factors preceding illness onset differ in phenotypes of the juvenile idiopathic inflammatory myopathies,bronze-oa,2010-08-27,Rheumatology,3410.7815,211,6742,National Institute of Environmental Health Sciences,Medicine,National Institute of Environmental Health Sciences,65240.945,US,facility,1770942,Biology,"['1462-0324', '1462-0332']",Rheumatology,Oxford University Press,20887.143,394105,Medicine
xf0pmog4,Frederick W Miller,Environmental factors preceding illness onset differ in phenotypes of the juvenile idiopathic inflammatory myopathies,bronze-oa,2010-08-27,Rheumatology,3937.34,401,11879,National Institute of Environmental Health Sciences,Medicine,National Institute of Environmental Health Sciences,65240.945,US,facility,1770942,Biology,"['1462-0324', '1462-0332']",Rheumatology,Oxford University Press,20887.143,394105,Medicine
xf0pmog4,Gulnara Mamyrova,Environmental factors preceding illness onset differ in phenotypes of the juvenile idiopathic inflammatory myopathies,bronze-oa,2010-08-27,Rheumatology,1729.9885,11,844,University of Oklahoma Health Sciences Center,Medicine,University of Oklahoma Health Sciences Center,64392.65,US,healthcare,1498687,Medicine,"['1462-0324', '1462-0332']",Rheumatology,Oxford University Press,20887.143,394105,Medicine
xf0pmog4,Ira N Targoff,Environmental factors preceding illness onset differ in phenotypes of the juvenile idiopathic inflammatory myopathies,bronze-oa,2010-08-27,Rheumatology,3288.4312,114,3877,University of Oklahoma Health Sciences Center,Medicine,University of Oklahoma Health Sciences Center,64392.65,US,healthcare,1498687,Medicine,"['1462-0324', '1462-0332']",Rheumatology,Oxford University Press,20887.143,394105,Medicine
